,key,previous_snod,previous_snod_delta,previous_3d_precip,day_mean_temp,day_max_temp,day_min_temp,day_total_solar,day_pressure,day_rel_humidity,day_precip,dav_avg_wind_speed,day_max_wind_speed,snod_delta,pai_mean,pai_sd,rumple,height_max,height_mean,height_95pct,canopy_relief_ratio,entropy,pct_conifer,ndvi_total_mean,ndvi_con_mean,vertical_gap_fraction,Elevation
0,max_val,241.5167,69.8215015005084,89.600001335144,20.8816710482289,28.4400044941902,16.9400043228268,7671.60011431575,102577.916666667,100.0,77.7000011578202,15.9651356636705,28.1556392863933,39.75,1.706135130741,0.79525208564209,2.08559461709444,19.5597428571429,11.0018151030107,18.4739,0.570986002283821,0.767791155592941,0.972770213948319,0.457496271442363,0.481034823988584,0.985955056179775,1168.568
1,min_val,0.0159999999999999,-83.5167,0.0,-32.0974964078889,-21.3599962478876,-37.2599964848161,512.800007641315,87106.6666666667,30.3391552634777,0.0,0.192570884830404,0.632455541457998,-40.0,0.0015604936995478,0.0048974370861516,1.0146148258485,0.0457434402332361,0.0109994710100395,0.0381239067055393,0.167691122029066,0.413580232693843,0.0058300943920044,0.110550909185658,0.240481874405185,0.0,44.711
